"","bird","site","list_n","release_cond","partner_list_n","Pair_ID","partner","treatment","date","time","add_train","dt1","HEI","split_any","distance_training_tracks_average","distance_training_tracks_closest","HEI_analysis","Distance_average_analysis","Distance_closest_analysis","treatment_addtrain"
"1","15-X40","LH",1,"pair",409,"O2","22-B95","CM",2024-08-16,"09:36:05",FALSE,2024-08-16 09:36:05,0.933819350893392,FALSE,164.662697716781,111.210290162609,0.930838477257404,165.795784127899,112.007973040431,"CM_N"
"2","15-X40","LH",2,"pair",410,"O2","22-B95","TR",2024-06-08,"11:54:09",FALSE,2024-06-08 11:54:09,0.97498276091932,FALSE,NA,NA,0.974509788244206,NA,NA,"TR"
"3","15-X40","LH",3,"pair",411,"O2","22-B95","TR",2024-06-09,"14:20:05",FALSE,2024-06-09 14:20:05,0.955739734534125,FALSE,139.742220724305,139.742220724305,0.956067990652929,139.109000856624,139.109000856624,"TR"
"4","15-X40","LH",4,"pair",412,"O2","22-B95","TR",2024-06-17,"10:46:04",FALSE,2024-06-17 10:46:04,0.916666492972118,FALSE,125.919078240025,71.9761902388636,0.915842853005604,128.797702425977,74.3337324848756,"TR"
"6","15-X40","LH",6,"solo",NA,"O2",",","TR",2024-06-10,"17:19:05",FALSE,2024-06-10 17:19:05,0.958617244129026,NA,177.959390430196,130.152915125968,0.958617244129026,177.959390430196,130.152915125968,"TR"
"7","15-X40","LH",7,"solo",NA,"O2",",","TR",2024-06-11,"13:47:05",FALSE,2024-06-11 13:47:05,0.951886939602297,NA,101.826668283879,63.1842316515761,0.951886939602297,101.826668283879,63.1842316515761,"TR"
"8","15-X40","SH",10,"pair",418,"O2","22-B95","TR",2024-06-18,"18:00:16",TRUE,2024-06-18 18:00:16,0.876088857775499,FALSE,232.276219333153,232.276219333153,0.883404300204603,231.246976416883,231.246976416883,"TR"
"9","15-X40","SH",11,"pair",419,"O2","22-B95","TR",2024-07-04,"09:08:13",TRUE,2024-07-04 09:08:13,0.87774613530617,FALSE,282.550266777122,192.099754096505,0.875818287361247,284.734243297484,194.252822897596,"ATR"
"10","15-X40","SH",12,"pair",420,"O2","22-B95","TR",2024-07-04,"16:49:06",TRUE,2024-07-04 16:49:06,0.901773109420581,FALSE,279.561018181295,197.755109030194,0.901899595926688,280.966604912798,200.200579904136,"ATR"
"11","15-X40","SH",13,"pair",421,"O2","22-B95","TR",2024-07-08,"09:24:05",TRUE,2024-07-08 09:24:05,0.892530955292116,FALSE,251.610042614023,77.703418085412,0.889806597759153,252.157828575953,76.8952777547187,"ATR"
"12","15-X40","SH",14,"solo",NA,"O2",",","CM",2024-08-17,"10:13:05",TRUE,2024-08-17 10:13:05,0.872532840970525,NA,220.605811031201,38.4218882194358,0.872532840970525,220.605811031201,38.4218882194358,"CM_A"
"13","15-X40","SH",15,"solo",NA,"O2",",","TR",2024-06-10,"11:38:04",TRUE,2024-06-10 11:38:04,0.854348723270945,NA,436.243640369259,436.243640369259,0.854348723270945,436.243640369259,436.243640369259,"TR"
"14","15-X40","SH",16,"solo",NA,"O2",",","TR",2024-06-16,"10:28:07",TRUE,2024-06-16 10:28:07,0.886163920235784,NA,337.794770945891,337.794770945891,0.886163920235784,337.794770945891,337.794770945891,"TR"
"15","15-X40","SH",17,"solo",NA,"O2",",","TR",2024-07-05,"10:48:05",TRUE,2024-07-05 10:48:05,0.94237204443995,NA,159.116877977247,69.4364156471122,0.94237204443995,159.116877977247,69.4364156471122,"ATR"
"17","15-X40","SH",9,"pair",417,"O2","22-B95","TR",2024-06-09,"10:47:05",TRUE,2024-06-09 10:47:05,0.95071190255534,FALSE,NA,NA,0.950525876705039,NA,NA,"TR"
"18","15-X41","LH",18,"pair",201,"O4","20-C02","TR",2024-06-08,"12:00:08",FALSE,2024-06-08 12:00:08,0.948325054670815,FALSE,NA,NA,0.945757813961011,NA,NA,"TR"
"19","15-X41","LH",19,"pair",202,"O4","20-C02","TR",2024-06-17,"10:50:04",FALSE,2024-06-17 10:50:04,0.91626772446491,FALSE,432.035154003604,432.035154003604,0.916906546848159,430.504123871797,430.504123871797,"TR"
"20","15-X41","LH",20,"solo",NA,"O4",",","CM",2024-08-16,"09:44:04",FALSE,2024-08-16 09:44:04,0.633665808181658,NA,1680.05463861473,1465.20277619647,0.633665808181658,1680.05463861473,1465.20277619647,"CM_N"
"22","15-X41","LH",22,"solo",NA,"O4",",","TR",2024-06-10,"17:08:04",FALSE,2024-06-10 17:08:04,0.967824058640763,NA,462.312419150651,462.312419150651,0.967824058640763,462.312419150651,462.312419150651,"TR"
"23","15-X41","LH",23,"solo",NA,"O4",",","TR",2024-06-11,"13:52:04",FALSE,2024-06-11 13:52:04,0.880594278691325,NA,389.356702091596,389.356702091596,0.880594278691325,389.356702091596,389.356702091596,"TR"
"24","15-X41","SH",24,"pair",205,"O4","20-C02","TR",2024-06-09,"10:53:04",TRUE,2024-06-09 10:53:04,0.762207771961217,TRUE,NA,NA,0.772562115812214,NA,NA,"TR"
"26","15-X41","SH",26,"pair",206,"O4","20-C02","TR",2024-06-20,"09:05:12",TRUE,2024-06-20 09:05:12,0.704663909016353,FALSE,2046.44748822897,2046.44748822897,0.706557054148715,2072.31496369556,2072.31496369556,"TR"
"27","15-X41","SH",27,"pair",207,"O4","20-C02","TR",2024-07-04,"09:40:07",TRUE,2024-07-04 09:40:07,NA,TRUE,NA,NA,NA,NA,NA,"ATR"
"28","15-X41","SH",28,"pair",208,"O4","20-C02","TR",2024-07-04,"17:16:05",TRUE,2024-07-04 17:16:05,NA,TRUE,NA,NA,NA,NA,NA,"ATR"
"29","15-X41","SH",29,"pair",209,"O4","20-C02","TR",2024-07-08,"09:28:15",TRUE,2024-07-08 09:28:15,0.797377282176061,TRUE,1567.65569814281,816.869430003351,0.800975422453697,1578.77337929459,815.154505019744,"ATR"
"31","15-X41","SH",31,"solo",NA,"O4",",","TR",2024-06-16,"10:46:06",TRUE,2024-06-16 10:46:06,0.828887933459852,NA,1848.60838662991,1848.60838662991,0.828887933459852,1848.60838662991,1848.60838662991,"TR"
"32","15-X41","SH",32,"solo",NA,"O4",",","TR",2024-06-18,"17:54:22",TRUE,2024-06-18 17:54:22,0.7083305762359,NA,1747.82828032681,1747.82828032681,0.7083305762359,1747.82828032681,1747.82828032681,"TR"
"33","15-X41","SH",33,"solo",NA,"O4",",","TR",2024-07-05,"14:05:04",TRUE,2024-07-05 14:05:04,0.898805883435918,NA,1364.37406972483,445.176412233325,0.898805883435918,1364.37406972483,445.176412233325,"ATR"
"34","16-S57","LH",34,"pair",383,"O5","22-B92","TR",2024-06-08,"12:42:07",TRUE,2024-06-08 12:42:07,0.95831742916343,FALSE,NA,NA,0.949408356072421,NA,NA,"TR"
"35","16-S57","LH",35,"pair",384,"O5","22-B92","TR",2024-06-09,"14:56:05",TRUE,2024-06-09 14:56:05,0.957566013038529,FALSE,770.302633447131,770.302633447131,0.9510680489503,765.198070076792,765.198070076792,"TR"
"36","16-S57","LH",36,"pair",385,"O5","22-B92","TR",2024-06-17,"10:18:06",TRUE,2024-06-17 10:18:06,0.889883042973464,FALSE,427.525068441219,91.3857135876675,0.871233699123368,422.436448091432,92.4825478753435,"TR"
"37","16-S57","LH",37,"pair",386,"O5","22-B92","TR",2024-07-04,"10:11:05",TRUE,2024-07-04 10:11:05,0.868396622829321,TRUE,521.291311180206,206.137070874593,0.865816018482427,521.262241937801,205.805378393061,"ATR"
"38","16-S57","LH",38,"pair",387,"O5","22-B92","TR",2024-07-04,"12:45:24",TRUE,2024-07-04 12:45:24,0.905321653693433,FALSE,374.666305880312,123.451200902733,0.902562193492852,374.49653192581,123.251515536925,"ATR"
"39","16-S57","LH",39,"pair",388,"O5","22-B92","TR",2024-07-08,"10:10:18",TRUE,2024-07-08 10:10:18,0.926424232925246,FALSE,275.162716411545,43.574890263952,0.923458437410612,272.430219566719,43.3067602497384,"ATR"
"40","16-S57","LH",40,"solo",NA,"O5",",","CM",2024-08-16,"10:30:05",TRUE,2024-08-16 10:30:05,0.861723325737658,NA,356.527107103691,117.569570751512,0.861723325737658,356.527107103691,117.569570751512,"CM_A"
"42","16-S57","LH",42,"solo",NA,"O5",",","TR",2024-06-10,"16:43:27",TRUE,2024-06-10 16:43:27,0.940422910289496,NA,391.781156291617,226.52206407112,0.940422910289496,391.781156291617,226.52206407112,"TR"
"43","16-S57","LH",43,"solo",NA,"O5",",","TR",2024-06-11,"15:30:05",TRUE,2024-06-11 15:30:05,0.949046605417064,NA,387.116628365683,235.965619301924,0.949046605417064,387.116628365683,235.965619301924,"TR"
"44","16-S57","LH",44,"solo",NA,"O5",",","TR",2024-07-05,"13:23:05",TRUE,2024-07-05 13:23:05,0.920173923615987,NA,323.311715354665,107.063093662257,0.920173923615987,323.311715354665,107.063093662257,"ATR"
"45","16-S57","SH",45,"pair",392,"O5","22-B92","TR",2024-06-09,"11:12:06",FALSE,2024-06-09 11:12:06,0.826297798489001,TRUE,NA,NA,0.818589786081826,NA,NA,"TR"
"46","16-S57","SH",46,"pair",393,"O5","22-B92","TR",2024-06-17,"15:16:05",FALSE,2024-06-17 15:16:05,0.930202961534051,TRUE,115.817553252986,115.817553252986,0.912093642411914,108.459426000547,108.459426000547,"TR"
"48","16-S57","SH",48,"solo",NA,"O5",",","TR",2024-06-10,"12:28:05",FALSE,2024-06-10 12:28:05,0.774671802337483,NA,358.032761223365,358.032761223365,0.774671802337483,358.032761223365,358.032761223365,"TR"
"49","16-S57","SH",49,"solo",NA,"O5",",","TR",2024-06-16,"13:36:06",FALSE,2024-06-16 13:36:06,0.858978618669626,NA,424.375558305069,424.375558305069,0.858978618669626,424.375558305069,424.375558305069,"TR"
"50","17-S30","LH",50,"pair",344,"O15","20-C96","TR",2024-06-08,"12:18:04",TRUE,2024-06-08 12:18:04,0.851559356154656,FALSE,NA,NA,0.851735952711735,NA,NA,"TR"
"51","17-S30","LH",51,"pair",345,"O15","20-C96","TR",2024-06-17,"10:06:19",TRUE,2024-06-17 10:06:19,0.724637240682324,FALSE,156.416363260899,156.416363260899,0.727089840151834,155.685075309484,155.685075309484,"TR"
"52","17-S30","LH",52,"pair",346,"O15","20-C96","TR",2024-07-04,"10:26:05",TRUE,2024-07-04 10:26:05,NA,TRUE,NA,NA,NA,NA,NA,"ATR"
"53","17-S30","LH",53,"pair",347,"O15","20-C96","TR",2024-07-04,"12:32:07",TRUE,2024-07-04 12:32:07,NA,TRUE,NA,NA,NA,NA,NA,"ATR"
"54","17-S30","LH",54,"pair",348,"O15","20-C96","TR",2024-07-08,"10:00:04",TRUE,2024-07-08 10:00:04,0.720439314647359,TRUE,353.852249694077,271.175774216533,0.745216861170216,289.013325943631,205.676828902668,"ATR"
"55","17-S30","LH",55,"solo",NA,"O15",",","CM",2024-08-16,"09:04:05",TRUE,2024-08-16 09:04:05,0.654216057949231,NA,913.89340171316,434.367509913888,0.654216057949231,913.89340171316,434.367509913888,"CM_A"
"57","17-S30","LH",57,"solo",NA,"O15",",","TR",2024-06-10,"16:16:04",TRUE,2024-06-10 16:16:04,0.829254496258078,NA,330.927371871244,330.927371871244,0.829254496258078,330.927371871244,330.927371871244,"TR"
"58","17-S30","LH",58,"solo",NA,"O15",",","TR",2024-06-11,"16:00:06",TRUE,2024-06-11 16:00:06,0.81370956041199,NA,315.703652149555,315.703652149555,0.81370956041199,315.703652149555,315.703652149555,"TR"
"59","17-S30","LH",59,"solo",NA,"O15",",","TR",2024-07-05,"12:56:07",TRUE,2024-07-05 12:56:07,0.633279981795931,NA,969.915473598775,920.462124669229,0.633279981795931,969.915473598775,920.462124669229,"ATR"
"60","17-S30","SH",60,"pair",352,"O15","20-C96","TR",2024-06-09,"11:42:05",FALSE,2024-06-09 11:42:05,0.891761454089792,TRUE,NA,NA,0.89512873085463,NA,NA,"TR"
"61","17-S30","SH",61,"pair",353,"O15","20-C96","TR",2024-06-17,"14:48:05",FALSE,2024-06-17 14:48:05,0.852798133609292,FALSE,1554.09031057557,1554.09031057557,0.854063028636791,1566.98637197584,1566.98637197584,"TR"
"62","17-S30","SH",62,"solo",NA,"O15",",","CM",2024-08-17,"10:43:14",FALSE,2024-08-17 10:43:14,0.782015586922009,NA,1273.67208746339,722.5030052802,0.782015586922009,1273.67208746339,722.5030052802,"CM_N"
"64","18-C41","LH",64,"pair",309,"O16","20-C92","CM",2024-08-16,"09:16:04",TRUE,2024-08-16 09:16:04,0.466806872100094,FALSE,2048.6696641864,1324.82253008487,0.47433504953485,2048.06206791099,1316.04267181106,"CM_A"
"65","18-C41","LH",65,"pair",310,"O16","20-C92","TR",2024-06-17,"10:13:04",TRUE,2024-06-17 10:13:04,0.884646360117188,TRUE,534.193216080121,123.665259093151,0.901445141684319,538.779526238632,123.339806086525,"TR"
"66","18-C41","LH",66,"pair",311,"O16","20-C92","TR",2024-06-08,"11:47:01",TRUE,2024-06-08 11:47:01,0.937946862787473,FALSE,NA,NA,0.934098115934433,NA,NA,"TR"
"67","18-C41","LH",67,"pair",312,"O16","20-C92","TR",2024-06-09,"14:15:07",TRUE,2024-06-09 14:15:07,0.851548079199943,FALSE,914.540567110944,914.540567110944,0.849103780260708,917.788739128023,917.788739128023,"TR"
"68","18-C41","LH",68,"pair",313,"O16","20-C92","TR",2024-07-04,"10:31:04",TRUE,2024-07-04 10:31:04,0.960864022033988,FALSE,476.44296111916,110.347089511214,0.964615398553494,495.889289775133,122.994059977244,"ATR"
"69","18-C41","LH",69,"pair",314,"O16","20-C92","TR",2024-07-04,"12:37:08",TRUE,2024-07-04 12:37:08,0.915569883801837,FALSE,418.122528681741,181.832084036155,0.917016902830661,424.430404604945,182.319497529229,"ATR"
"70","18-C41","LH",70,"pair",315,"O16","20-C92","TR",2024-07-08,"10:05:18",TRUE,2024-07-08 10:05:18,0.913428871717992,TRUE,326.940729291098,36.9560708200721,0.897171431542976,333.274959063952,39.6454722711463,"ATR"
"71","18-C41","LH",71,"solo",NA,"O16",",","TR",2024-06-11,"16:05:05",TRUE,2024-06-11 16:05:05,0.902501740668981,NA,459.679000424991,330.049616694973,0.902501740668981,459.679000424991,330.049616694973,"TR"
"72","18-C41","LH",72,"solo",NA,"O16",",","TR",2024-06-18,"16:30:27",TRUE,2024-06-18 16:30:27,0.913685677169449,NA,486.663600462931,313.269868077092,0.913685677169449,486.663600462931,313.269868077092,"TR"
"73","18-C41","LH",73,"solo",NA,"O16",",","TR",2024-07-05,"12:44:23",TRUE,2024-07-05 12:44:23,0.890128251335562,NA,393.991587599303,134.668433313934,0.890128251335562,393.991587599303,134.668433313934,"ATR"
"75","18-C41","SH",75,"pair",321,"O16","20-C92","TR",2024-06-09,"10:14:16",FALSE,2024-06-09 10:14:16,0.849149597078966,FALSE,NA,NA,0.846702308830324,NA,NA,"TR"
"76","18-C41","SH",76,"pair",322,"O16","20-C92","TR",2024-06-16,"11:57:05",FALSE,2024-06-16 11:57:05,0.958890878330061,FALSE,368.191361163432,368.191361163432,0.960613843313209,369.459926940191,369.459926940191,"TR"
"77","18-C41","SH",77,"solo",NA,"O16",",","TR",2024-06-17,"13:47:14",FALSE,2024-06-17 13:47:14,0.91400332219088,NA,314.786802847554,154.77158367826,0.91400332219088,314.786802847554,154.77158367826,"TR"
"78","18-C44","LH",78,"pair",213,"O9","20-C03","CM",2024-08-16,"10:04:05",TRUE,2024-08-16 10:04:05,0.704113006939894,TRUE,443.15386228655,193.487971014459,0.749305651422079,426.84604808453,181.594057993416,"CM_A"
"79","18-C44","LH",79,"pair",214,"O9","20-C03","TR",2024-06-08,"13:15:05",TRUE,2024-06-08 13:15:05,0.747422006455817,FALSE,NA,NA,0.74777883628181,NA,NA,"TR"
"80","18-C44","LH",80,"pair",215,"O9","20-C03","TR",2024-06-09,"14:06:39",TRUE,2024-06-09 14:06:39,0.936938542499264,FALSE,319.968598935524,319.968598935524,0.937116699778847,319.499375350582,319.499375350582,"TR"
"81","18-C44","LH",81,"pair",216,"O9","20-C03","TR",2024-06-17,"09:51:09",TRUE,2024-06-17 09:51:09,0.791725041624347,FALSE,388.40825811923,82.9869369637127,0.781369611141163,393.734686904459,86.5354510008444,"TR"
"82","18-C44","LH",82,"pair",217,"O9","20-C03","TR",2024-07-04,"10:36:06",TRUE,2024-07-04 10:36:06,0.887556882428883,FALSE,550.678214253994,164.934943870376,0.89213810390726,557.945453825812,165.944318280019,"ATR"
"83","18-C44","LH",83,"pair",218,"O9","20-C03","TR",2024-07-04,"12:55:04",TRUE,2024-07-04 12:55:04,0.824354863903583,FALSE,479.085746810198,130.585984679196,0.827172224648808,488.42434566696,135.146928409411,"ATR"
"84","18-C44","LH",84,"pair",219,"O9","20-C03","TR",2024-07-08,"10:16:06",TRUE,2024-07-08 10:16:06,0.861790547261873,FALSE,337.600458565186,47.2778574737729,0.860722021486006,342.757312962519,47.6234611400184,"ATR"
"86","18-C44","LH",86,"solo",NA,"O9",",","TR",2024-06-10,"17:35:04",TRUE,2024-06-10 17:35:04,0.864610583526123,NA,253.788543620487,158.37135496344,0.864610583526123,253.788543620487,158.37135496344,"TR"
"87","18-C44","LH",87,"solo",NA,"O9",",","TR",2024-06-11,"14:12:04",TRUE,2024-06-11 14:12:04,0.93988065380932,NA,297.310871786575,189.50189765325,0.93988065380932,297.310871786575,189.50189765325,"TR"
"88","18-C44","LH",88,"solo",NA,"O9",",","TR",2024-07-05,"13:10:07",TRUE,2024-07-05 13:10:07,0.869958847863459,NA,335.576472326055,45.2379907147716,0.869958847863459,335.576472326055,45.2379907147716,"ATR"
"89","18-C44","SH",89,"pair",225,"O9","20-C03","CM",2024-08-17,"09:59:08",FALSE,2024-08-17 09:59:08,NA,TRUE,NA,NA,NA,NA,NA,"CM_N"
"90","18-C44","SH",90,"pair",226,"O9","20-C03","TR",2024-06-09,"10:14:16",FALSE,2024-06-09 10:14:16,0.719542234629001,FALSE,NA,NA,0.72148297129266,NA,NA,"TR"
"91","18-C44","SH",91,"pair",227,"O9","20-C03","TR",2024-06-16,"13:46:05",FALSE,2024-06-16 13:46:05,0.848784973454483,FALSE,261.914428517907,261.914428517907,0.849676711283941,262.588069622704,262.588069622704,"TR"
"92","18-C44","SH",92,"pair",228,"O9","20-C03","TR",2024-06-17,"14:19:06",FALSE,2024-06-17 14:19:06,0.918613428160884,FALSE,168.901780318382,62.5108815809192,0.918648011769636,169.467452155421,63.0494869753891,"TR"
"93","18-C44","SH",93,"solo",NA,"O9",",","TR",2024-06-10,"10:38:06",FALSE,2024-06-10 10:38:06,0.748488618699753,NA,146.493127248203,146.493127248203,0.748488618699753,146.493127248203,146.493127248203,"TR"
"94","18-C44","SH",94,"solo",NA,"O9",",","TR",2024-06-18,"17:23:24",FALSE,2024-06-18 17:23:24,0.83134828967351,NA,162.950138328491,55.7580958470656,0.83134828967351,162.950138328491,55.7580958470656,"TR"
"95","18-C46","LH",100,"pair",160,"O7","19-C46","TR",2024-07-04,"12:50:07",TRUE,2024-07-04 12:50:07,0.267251770995826,FALSE,864.16850320814,302.671096837747,0.270242287508549,866.731894398338,311.058615311216,"ATR"
"96","18-C46","LH",101,"pair",161,"O7","19-C46","TR",2024-07-09,"09:24:04",TRUE,2024-07-09 09:24:04,0.687437749466522,FALSE,942.688271143801,326.510947489795,0.685488535185748,943.708971919274,328.359009430274,"ATR"
"97","18-C46","LH",102,"solo",NA,"O7",",","CM",2024-08-16,"10:49:08",TRUE,2024-08-16 10:49:08,0.733731106927866,NA,800.335912770353,210.612264683843,0.733731106927866,800.335912770353,210.612264683843,"CM_A"
"98","18-C46","LH",103,"solo",NA,"O7",",","TR",2024-06-10,"16:59:05",TRUE,2024-06-10 16:59:05,0.72054520141909,NA,574.013680808417,490.74183774329,0.72054520141909,574.013680808417,490.74183774329,"TR"
"99","18-C46","LH",104,"solo",NA,"O7",",","TR",2024-06-11,"16:34:37",TRUE,2024-06-11 16:34:37,0.82906828875975,NA,839.084836686732,653.94552829241,0.82906828875975,839.084836686732,653.94552829241,"TR"
"100","18-C46","LH",105,"solo",NA,"O7",",","TR",2024-07-05,"13:42:04",TRUE,2024-07-05 13:42:04,0.855731863261033,NA,863.284988127984,329.871397529901,0.855731863261033,863.284988127984,329.871397529901,"ATR"
"101","18-C46","LH",95,"pair",155,"O7","19-C46","TR",2024-06-17,"10:35:50",TRUE,2024-06-17 10:35:50,0.665910721855606,FALSE,394.267765729697,269.184170974383,0.66308565584693,392.593984976284,268.313178051645,"TR"
"103","18-C46","LH",97,"pair",157,"O7","19-C46","TR",2024-06-08,"11:46:59",TRUE,2024-06-08 11:46:59,0.749466043365325,FALSE,NA,NA,0.74892021204198,NA,NA,"TR"
"104","18-C46","LH",98,"pair",158,"O7","19-C46","TR",2024-06-09,"14:06:37",TRUE,2024-06-09 14:06:37,0.740625346483836,FALSE,287.764369928238,287.764369928238,0.739710653061544,287.000157529443,287.000157529443,"TR"
"105","18-C46","LH",99,"pair",159,"O7","19-C46","TR",2024-07-04,"10:16:05",TRUE,2024-07-04 10:16:05,0.696361047349861,FALSE,1143.92860332971,718.592254713966,0.693159526239741,1145.40598938161,723.346833340669,"ATR"
"106","18-C46","SH",106,"pair",167,"O7","19-C46","CM",2024-08-17,"11:29:06",FALSE,2024-08-17 11:29:06,0.693440588657239,FALSE,395.309800641333,190.113257907321,0.691230848343068,395.290613753781,190.434138353715,"CM_N"
"107","18-C46","SH",107,"pair",168,"O7","19-C46","TR",2024-06-09,"10:14:13",FALSE,2024-06-09 10:14:13,0.78603000783518,FALSE,NA,NA,0.784316643440553,NA,NA,"TR"
"108","18-C46","SH",108,"pair",169,"O7","19-C46","TR",2024-06-16,"13:05:07",FALSE,2024-06-16 13:05:07,0.936947366981401,FALSE,616.662413177562,616.662413177562,0.938080993824461,614.779142326898,614.779142326898,"TR"
"110","18-C46","SH",110,"solo",NA,"O7",",","TR",2024-06-10,"12:35:22",FALSE,2024-06-10 12:35:22,0.787923303733792,NA,177.585579192997,177.585579192997,0.787923303733792,177.585579192997,177.585579192997,"TR"
"111","18-C46","SH",111,"solo",NA,"O7",",","TR",2024-06-20,"09:11:16",FALSE,2024-06-20 09:11:16,0.729640203311337,NA,397.638313136909,198.669821865359,0.729640203311337,397.638313136909,198.669821865359,"TR"
"112","18-C46","SH",112,"solo",NA,"O7",",","TR",2024-06-20,"13:05:16",FALSE,2024-06-20 13:05:16,0.530812768349042,NA,451.90864056626,206.314524109149,0.530812768349042,451.90864056626,206.314524109149,"TR"
"113","18-C71","LH",113,"pair",173,"O12","19-C57","TR",2024-06-08,"11:46:59",FALSE,2024-06-08 11:46:59,0.858741157742625,FALSE,NA,NA,0.859051119357375,NA,NA,"TR"
"114","18-C71","LH",114,"pair",174,"O12","19-C57","TR",2024-06-09,"14:06:36",FALSE,2024-06-09 14:06:36,0.882341369598643,FALSE,89.3418098308757,89.3418098308757,0.882624502604106,89.5479037133498,89.5479037133498,"TR"
"115","18-C71","LH",115,"pair",175,"O12","19-C57","TR",2024-06-17,"09:56:07",FALSE,2024-06-17 09:56:07,0.809684220432523,FALSE,106.468712962381,83.389293378467,0.813892328536188,107.485103180094,84.3263119273034,"TR"
"116","18-C71","SH",116,"pair",182,"O12","19-C57","TR",2024-07-04,"09:13:04",TRUE,2024-07-04 09:13:04,NA,TRUE,NA,NA,NA,NA,NA,"ATR"
"117","18-C71","SH",117,"pair",180,"O12","19-C57","TR",2024-06-09,"10:14:13",TRUE,2024-06-09 10:14:13,0.773551661753524,FALSE,NA,NA,0.774032493233773,NA,NA,"TR"
"118","18-C71","SH",118,"pair",181,"O12","19-C57","TR",2024-06-18,"17:16:06",TRUE,2024-06-18 17:16:06,0.867612770041487,FALSE,146.601671905312,146.601671905312,0.868744922077603,146.65581850996,146.65581850996,"TR"
"119","18-C71","SH",119,"pair",183,"O12","19-C57","TR",2024-07-04,"16:59:04",TRUE,2024-07-04 16:59:04,0.922932523465404,FALSE,226.153592715828,165.266594329638,0.922354062593612,225.066496145395,162.785563564126,"ATR"
"120","18-C71","SH",120,"pair",184,"O12","19-C57","TR",2024-07-08,"09:11:05",TRUE,2024-07-08 09:11:05,0.722054570235748,FALSE,282.321077614597,43.8573886190659,0.723573586282854,278.541324140639,43.2581309988543,"ATR"
"121","18-C71","SH",121,"solo",NA,"O12",",","TR",2024-06-16,"13:56:05",TRUE,2024-06-16 13:56:05,0.708510104821131,NA,156.204576224011,156.204576224011,0.708510104821131,156.204576224011,156.204576224011,"TR"
"122","18-C71","SH",122,"solo",NA,"O12",",","TR",2024-07-05,"10:57:11",TRUE,2024-07-05 10:57:11,0.908094015951319,NA,210.845233229929,57.5555274747208,0.908094015951319,210.845233229929,57.5555274747208,"ATR"
"124","19-C41","LH",124,"pair",276,"O10","20-C17","TR",2024-06-08,"11:46:59",FALSE,2024-06-08 11:46:59,0.856406402834155,FALSE,NA,NA,0.862935561674166,NA,NA,"TR"
"125","19-C41","LH",125,"pair",277,"O10","20-C17","TR",2024-06-09,"14:06:37",FALSE,2024-06-09 14:06:37,0.922929802496807,FALSE,169.31326982643,169.31326982643,0.923369019623536,167.818437573316,167.818437573316,"TR"
"126","19-C41","LH",126,"pair",278,"O10","20-C17","TR",2024-06-17,"09:40:06",FALSE,2024-06-17 09:40:06,0.866140445060545,FALSE,550.707932045219,470.706964913724,0.865033440760093,551.043573575451,471.514031114616,"TR"
"127","19-C41","LH",127,"solo",NA,"O10",",","CM",2024-08-16,"09:52:04",FALSE,2024-08-16 09:52:04,0.821177330543033,NA,707.593431087378,338.925206947261,0.821177330543033,707.593431087378,338.925206947261,"CM_N"
"128","19-C41","LH",128,"solo",NA,"O10",",","TR",2024-06-10,"17:49:04",FALSE,2024-06-10 17:49:04,0.948158411374688,NA,151.319950662641,95.6172426722535,0.948158411374688,151.319950662641,95.6172426722535,"TR"
"129","19-C41","LH",129,"solo",NA,"O10",",","TR",2024-06-11,"14:17:04",FALSE,2024-06-11 14:17:04,0.902261666434242,NA,205.210875976717,125.341174354809,0.902261666434242,205.210875976717,125.341174354809,"TR"
"130","19-C41","SH",130,"pair",282,"O10","20-C17","CM",2024-08-17,"09:40:05",TRUE,2024-08-17 09:40:05,0.762035113640232,FALSE,188.63117136362,74.8482144795956,0.760066968667635,189.759481506325,76.869868251209,"CM_A"
"131","19-C41","SH",131,"pair",283,"O10","20-C17","TR",2024-06-09,"10:14:13",TRUE,2024-06-09 10:14:13,0.865362477268562,FALSE,NA,NA,0.864997767670293,NA,NA,"TR"
"132","19-C41","SH",132,"pair",284,"O10","20-C17","TR",2024-06-17,"13:47:12",TRUE,2024-06-17 13:47:12,0.892332471123235,FALSE,148.496124407425,148.496124407425,0.890807989590305,148.789014761083,148.789014761083,"TR"
"133","19-C41","SH",133,"pair",285,"O10","20-C17","TR",2024-07-04,"09:19:07",TRUE,2024-07-04 09:19:07,0.935742789100789,FALSE,102.963994251635,44.2365801617842,0.935104894062572,103.323446705165,44.5549604942108,"ATR"
"134","19-C41","SH",134,"pair",286,"O10","20-C17","TR",2024-07-04,"16:53:04",TRUE,2024-07-04 16:53:04,0.947013851120836,FALSE,106.833809869071,72.6854931792459,0.9476622190131,106.423532147195,72.3224566057225,"ATR"
"135","19-C41","SH",135,"pair",287,"O10","20-C17","TR",2024-07-08,"09:01:05",TRUE,2024-07-08 09:01:05,0.847468586367135,TRUE,168.263168984081,72.5738598858974,0.847451464242646,167.437552502416,71.6065419789645,"ATR"
"137","19-C41","SH",137,"solo",NA,"O10",",","TR",2024-06-10,"11:23:04",TRUE,2024-06-10 11:23:04,0.773119077321746,NA,254.648849068622,254.648849068622,0.773119077321746,254.648849068622,254.648849068622,"TR"
"138","19-C41","SH",138,"solo",NA,"O10",",","TR",2024-06-16,"13:41:11",TRUE,2024-06-16 13:41:11,0.856814627397111,NA,262.729038931637,262.729038931637,0.856814627397111,262.729038931637,262.729038931637,"TR"
"139","19-C41","SH",139,"solo",NA,"O10",",","TR",2024-07-05,"11:29:06",TRUE,2024-07-05 11:29:06,0.931681752936965,NA,130.480735144945,47.3183605910795,0.931681752936965,130.480735144945,47.3183605910795,"ATR"
"140","19-C42","LH",140,"pair",292,"O8","20-C85","CM",2024-08-16,"10:37:05",FALSE,2024-08-16 10:37:05,0.679732648323575,FALSE,568.227824305956,294.534292598525,0.680019294951908,567.830234730628,295.08362130708,"CM_N"
"141","19-C42","LH",141,"pair",293,"O8","20-C85","TR",2024-06-08,"11:46:59",FALSE,2024-06-08 11:46:59,0.724604890410701,FALSE,NA,NA,0.725055912083382,NA,NA,"TR"
"142","19-C42","LH",142,"pair",294,"O8","20-C85","TR",2024-06-09,"14:06:37",FALSE,2024-06-09 14:06:37,0.775997097445522,FALSE,109.873983192909,109.873983192909,0.775992872050373,108.97437511568,108.97437511568,"TR"
"143","19-C42","LH",143,"pair",295,"O8","20-C85","TR",2024-06-17,"10:29:05",FALSE,2024-06-17 10:29:05,0.844359483713029,FALSE,547.661171808603,493.829335482328,0.842608886476594,547.347497291496,493.79718683219,"TR"
"145","19-C42","LH",145,"solo",NA,"O8",",","TR",2024-06-10,"16:32:04",FALSE,2024-06-10 16:32:04,0.695394009304311,NA,214.279746143146,162.634054417888,0.695394009304311,214.279746143146,162.634054417888,"TR"
"146","19-C42","LH",146,"solo",NA,"O8",",","TR",2024-06-11,"15:40:04",FALSE,2024-06-11 15:40:04,0.761289642975566,NA,108.131751361322,68.4425604950237,0.761289642975566,108.131751361322,68.4425604950237,"TR"
"147","19-C42","SH",147,"pair",299,"O8","20-C85","TR",2024-06-09,"10:14:13",TRUE,2024-06-09 10:14:13,0.943327453768379,FALSE,NA,NA,0.943590996914778,NA,NA,"TR"
"148","19-C42","SH",148,"pair",300,"O8","20-C85","TR",2024-06-17,"13:47:12",TRUE,2024-06-17 13:47:12,0.950635505827097,FALSE,339.725116026112,339.725116026112,0.950250785217663,338.634568762259,338.634568762259,"TR"
"149","19-C42","SH",149,"pair",301,"O8","20-C85","TR",2024-07-04,"09:35:04",TRUE,2024-07-04 09:35:04,0.899517083808835,FALSE,191.982336143613,94.3786489560502,0.899558681880662,191.384325059538,94.030561900874,"ATR"
"150","19-C42","SH",150,"pair",302,"O8","20-C85","TR",2024-07-04,"17:12:04",TRUE,2024-07-04 17:12:04,0.957664110958521,FALSE,248.311336802822,111.809683717549,0.958135678779539,248.050705962213,112.025738778016,"ATR"
"151","19-C42","SH",151,"pair",303,"O8","20-C85","TR",2024-07-08,"09:20:05",TRUE,2024-07-08 09:20:05,0.860957461493652,FALSE,249.11779767186,78.4155420329377,0.86843393653895,247.428095911964,77.5269449013161,"ATR"
"152","19-C42","SH",152,"solo",NA,"O8",",","TR",2024-06-10,"12:03:09",TRUE,2024-06-10 12:03:09,0.859416668840613,NA,153.462116906288,153.462116906288,0.859416668840613,153.462116906288,153.462116906288,"TR"
"153","19-C42","SH",153,"solo",NA,"O8",",","TR",2024-06-16,"12:26:05",TRUE,2024-06-16 12:26:05,0.866501102325326,NA,188.647734101739,188.647734101739,0.866501102325326,188.647734101739,188.647734101739,"TR"
"154","19-C42","SH",154,"solo",NA,"O8",",","TR",2024-07-05,"11:19:09",TRUE,2024-07-05 11:19:09,0.921690648460052,NA,172.509931260839,45.2776743014559,0.921690648460052,172.509931260839,45.2776743014559,"ATR"
"162","19-C46","LH",162,"solo",NA,"O7",",","CM",2024-08-16,"10:43:05",TRUE,2024-08-16 10:43:05,0.652689448451179,NA,771.52721702881,148.117093754633,0.652689448451179,771.52721702881,148.117093754633,"CM_A"
"163","19-C46","LH",163,"solo",NA,"O7",",","TR",2024-06-10,"16:53:05",TRUE,2024-06-10 16:53:05,0.782856463802076,NA,736.017960217834,564.172475640596,0.782856463802076,736.017960217834,564.172475640596,"TR"
"164","19-C46","LH",164,"solo",NA,"O7",",","TR",2024-06-11,"15:50:04",TRUE,2024-06-11 15:50:04,0.736572341180535,NA,623.198873754467,452.972936754039,0.736572341180535,623.198873754467,452.972936754039,"TR"
"165","19-C46","LH",165,"solo",NA,"O7",",","TR",2024-06-19,"09:27:18",TRUE,2024-06-19 09:27:18,0.679710119190495,NA,448.007218749281,200.047614175093,0.679710119190495,448.007218749281,200.047614175093,"TR"
"166","19-C46","LH",166,"solo",NA,"O7",",","TR",2024-07-05,"13:34:04",TRUE,2024-07-05 13:34:04,0.889488090824883,NA,914.990299387395,314.460232354252,0.889488090824883,914.990299387395,314.460232354252,"ATR"
"171","19-C46","SH",171,"solo",NA,"O7",",","TR",2024-06-18,"18:15:23",FALSE,2024-06-18 18:15:23,0.854888636767184,NA,333.236210452155,150.732172701396,0.854888636767184,333.236210452155,150.732172701396,"TR"
"172","19-C46","SH",172,"solo",NA,"O7",",","TR",2024-06-20,"12:41:25",FALSE,2024-06-20 12:41:25,0.71846866651013,NA,389.501422409808,179.846427723794,0.71846866651013,389.501422409808,179.846427723794,"TR"
"176","19-C57","LH",176,"solo",NA,"O12",",","CM",2024-08-16,"09:58:03",FALSE,2024-08-16 09:58:03,0.93154279058368,NA,522.236979306708,451.449754241241,0.93154279058368,522.236979306708,451.449754241241,"CM_N"
"178","19-C57","LH",178,"solo",NA,"O12",",","TR",2024-06-10,"18:10:03",FALSE,2024-06-10 18:10:03,0.881917791120522,NA,93.5767843391722,59.3412184528459,0.881917791120522,93.5767843391722,59.3412184528459,"TR"
"179","19-C57","LH",179,"solo",NA,"O12",",","TR",2024-06-11,"15:20:04",FALSE,2024-06-11 15:20:04,0.871094585038938,NA,89.1626127847181,66.1287567901028,0.871094585038938,89.1626127847181,66.1287567901028,"TR"
"186","19-C57","SH",186,"solo",NA,"O12",",","TR",2024-06-10,"11:18:03",TRUE,2024-06-10 11:18:03,0.866891164569881,NA,159.240744150899,159.240744150899,0.866891164569881,159.240744150899,159.240744150899,"TR"
"187","19-C57","SH",187,"solo",NA,"O12",",","TR",2024-06-16,"14:50:04",TRUE,2024-06-16 14:50:04,0.835162719228588,NA,110.210925370353,110.210925370353,0.835162719228588,110.210925370353,110.210925370353,"TR"
"188","19-C57","SH",188,"solo",NA,"O12",",","TR",2024-07-05,"11:02:11",TRUE,2024-07-05 11:02:11,0.829376209051664,NA,270.058882948391,138.807573563525,0.829376209051664,270.058882948391,138.807573563525,"ATR"
"189","19-C59","LH",189,"pair",371,"O19","22-B78","TR",2024-06-08,"11:46:59",FALSE,2024-06-08 11:46:59,0.913245658202663,FALSE,NA,NA,0.913783473107389,NA,NA,"TR"
"190","19-C59","LH",190,"pair",372,"O19","22-B78","TR",2024-06-09,"14:06:36",FALSE,2024-06-09 14:06:36,0.876349196947186,FALSE,165.563100014719,165.563100014719,0.874540694946321,167.823953226436,167.823953226436,"TR"
"191","19-C59","LH",191,"pair",373,"O19","22-B78","TR",2024-06-17,"09:45:14",FALSE,2024-06-17 09:45:14,0.875062651348646,FALSE,149.302749205788,77.7442894392402,0.87975033911233,148.172447878967,75.8841998291615,"TR"
"192","19-C59","LH",192,"solo",NA,"O19",",","TR",2024-06-10,"17:39:07",FALSE,2024-06-10 17:39:07,0.924300239828899,NA,117.790022493847,58.7312697197087,0.924300239828899,117.790022493847,58.7312697197087,"TR"
"193","19-C59","LH",193,"solo",NA,"O19",",","TR",2024-06-11,"15:06:51",FALSE,2024-06-11 15:06:51,0.89485081678729,NA,240.408578314465,158.038064848958,0.89485081678729,240.408578314465,158.038064848958,"TR"
"194","19-C59","SH",194,"pair",376,"O19","22-B78","TR",2024-06-20,"12:34:05",TRUE,2024-06-20 12:34:05,0.813526840277193,FALSE,NA,NA,0.810220894347741,NA,NA,"TR"
"195","19-C59","SH",195,"pair",377,"O19","22-B78","TR",2024-07-04,"09:25:05",TRUE,2024-07-04 09:25:05,0.845793461397329,FALSE,208.293170847582,208.293170847582,0.847244780272951,207.841700425487,207.841700425487,"ATR"
"196","19-C59","SH",196,"pair",378,"O19","22-B78","TR",2024-07-04,"17:04:05",TRUE,2024-07-04 17:04:05,0.879650227692726,FALSE,163.8060029561,163.8060029561,0.879512346957829,162.842755661352,162.842755661352,"ATR"
"197","19-C59","SH",197,"solo",NA,"O19",",","TR",2024-06-10,"11:28:05",TRUE,2024-06-10 11:28:05,0.808561082046271,NA,NA,NA,0.808561082046271,NA,NA,"TR"
"198","19-C59","SH",198,"solo",NA,"O19",",","TR",2024-06-16,"15:31:06",TRUE,2024-06-16 15:31:06,0.864007753189783,NA,NA,NA,0.864007753189783,NA,NA,"TR"
"199","19-C59","SH",199,"solo",NA,"O19",",","TR",2024-06-18,"17:29:21",TRUE,2024-06-18 17:29:21,0.797326813322102,NA,NA,NA,0.797326813322102,NA,NA,"TR"
"200","19-C59","SH",200,"solo",NA,"O19",",","TR",2024-07-05,"14:23:04",TRUE,2024-07-05 14:23:04,0.858991786475526,NA,200.017982648607,94.3934775631379,0.858991786475526,200.017982648607,94.3934775631379,"ATR"
"203","20-C02","LH",203,"solo",NA,"O4",",","TR",2024-06-09,"14:06:37",FALSE,2024-06-09 14:06:37,0.90581613291241,NA,447.997025560386,447.997025560386,0.90581613291241,447.997025560386,447.997025560386,"TR"
"204","20-C02","LH",204,"solo",NA,"O4",",","TR",2024-06-11,"13:38:05",FALSE,2024-06-11 13:38:05,0.788563211271184,NA,353.551530428625,353.551530428625,0.788563211271184,353.551530428625,353.551530428625,"TR"
"210","20-C02","SH",210,"solo",NA,"O4",",","TR",2024-06-18,"18:05:25",TRUE,2024-06-18 18:05:25,0.788959626622055,NA,2222.97711362893,2222.97711362893,0.788959626622055,2222.97711362893,2222.97711362893,"TR"
"211","20-C02","SH",211,"solo",NA,"O4",",","TR",2024-06-19,"08:28:18",TRUE,2024-06-19 08:28:18,0.608031192392184,NA,3012.51289347374,3012.51289347374,0.608031192392184,3012.51289347374,3012.51289347374,"TR"
"212","20-C02","SH",212,"solo",NA,"O4",",","TR",2024-07-05,"15:08:00",TRUE,2024-07-05 15:08:00,0.568590990271797,NA,2182.63699549445,1701.77751096536,0.568590990271797,2182.63699549445,1701.77751096536,"ATR"
"221","20-C03","LH",221,"solo",NA,"O9",",","TR",2024-06-10,"17:55:06",TRUE,2024-06-10 17:55:06,0.794960238150692,NA,351.626962061697,217.539254952936,0.794960238150692,351.626962061697,217.539254952936,"TR"
"222","20-C03","LH",222,"solo",NA,"O9",",","TR",2024-06-18,"16:48:27",TRUE,2024-06-18 16:48:27,0.775387991608186,NA,630.441815629972,166.808714656642,0.775387991608186,630.441815629972,166.808714656642,"TR"
"223","20-C03","LH",223,"solo",NA,"O9",",","TR",2024-06-19,"09:35:16",TRUE,2024-06-19 09:35:16,0.728121443620193,NA,551.305404982019,118.399338199905,0.728121443620193,551.305404982019,118.399338199905,"TR"
"224","20-C03","LH",224,"solo",NA,"O9",",","TR",2024-07-05,"13:16:11",TRUE,2024-07-05 13:16:11,0.873749990457264,NA,407.835189197137,57.8534217978589,0.873749990457264,407.835189197137,57.8534217978589,"ATR"
"229","20-C03","SH",229,"solo",NA,"O9",",","TR",2024-06-10,"10:43:05",FALSE,2024-06-10 10:43:05,0.660722650105044,NA,100.77363299715,100.77363299715,0.660722650105044,100.77363299715,100.77363299715,"TR"
"230","20-C03","SH",230,"solo",NA,"O9",",","TR",2024-06-20,"11:36:17",FALSE,2024-06-20 11:36:17,0.763713298383675,NA,165.759188175438,65.1946271168723,0.763713298383675,165.759188175438,65.1946271168723,"TR"
"232","20-C05","LH",232,"pair",328,"O6","20-C93","TR",2024-06-08,"11:46:59",FALSE,2024-06-08 11:46:59,0.904708550746266,FALSE,NA,NA,0.903590923846493,NA,NA,"TR"
"233","20-C05","LH",233,"pair",329,"O6","20-C93","TR",2024-06-09,"14:06:36",FALSE,2024-06-09 14:06:36,0.893576126899124,FALSE,486.707244354327,486.707244354327,0.892088234439242,499.486780504359,499.486780504359,"TR"
"234","20-C05","LH",234,"pair",330,"O6","20-C93","TR",2024-06-17,"10:23:21",FALSE,2024-06-17 10:23:21,0.871770205557373,TRUE,292.119809820931,74.5057556677064,0.879003887632356,306.159831910993,83.5721122488947,"TR"
"235","20-C05","LH",235,"pair",331,"O6","20-C93","CM",2024-08-16,"10:24:05",FALSE,2024-08-16 10:24:05,0.920443429066478,FALSE,245.293264650767,81.7856509820387,0.921455282310825,254.747379949225,79.2201965597577,"CM_N"
"236","20-C05","LH",236,"solo",NA,"O6",",","TR",2024-06-10,"16:38:04",FALSE,2024-06-10 16:38:04,0.887689194569648,NA,254.380897987529,164.820782426615,0.887689194569648,254.380897987529,164.820782426615,"TR"
"237","20-C05","LH",237,"solo",NA,"O6",",","TR",2024-06-11,"15:25:04",FALSE,2024-06-11 15:25:04,0.858748419950033,NA,243.628644826355,165.733294212529,0.858748419950033,243.628644826355,165.733294212529,"TR"
"238","20-C05","SH",238,"pair",334,"O6","20-C93","CM",2024-08-17,"11:10:06",TRUE,2024-08-17 11:10:06,0.884160114467337,FALSE,697.067517381869,113.546805567011,0.885073830808637,700.223545441409,116.647277553597,"CM_A"
"239","20-C05","SH",239,"pair",335,"O6","20-C93","TR",2024-06-09,"10:14:13",TRUE,2024-06-09 10:14:13,0.819187567915576,FALSE,NA,NA,0.842978221475998,NA,NA,"TR"
"240","20-C05","SH",240,"pair",336,"O6","20-C93","TR",2024-06-19,"08:10:04",TRUE,2024-06-19 08:10:04,0.766738174591812,FALSE,1941.90451691905,1941.90451691905,0.77925486823018,1950.14664463905,1950.14664463905,"TR"
"241","20-C05","SH",241,"pair",339,"O6","20-C93","TR",2024-07-08,"09:15:05",TRUE,2024-07-08 09:15:05,0.895714273537292,FALSE,1014.08665325747,290.598054448158,0.896280637242007,1015.60785758343,291.912252654213,"ATR"
"243","20-C05","SH",243,"solo",NA,"O6",",","TR",2024-06-16,"13:22:08",TRUE,2024-06-16 13:22:08,0.885868543259688,NA,1310.18039921886,1310.18039921886,0.885868543259688,1310.18039921886,1310.18039921886,"TR"
"244","20-C05","SH",244,"solo",NA,"O6",",","TR",2024-06-18,"15:00:27",TRUE,2024-06-18 15:00:27,0.822316029886638,NA,1202.27157201742,1202.27157201742,0.822316029886638,1202.27157201742,1202.27157201742,"TR"
"245","20-C09","LH",245,"pair",396,"O1","22-B94","TR",2024-06-08,"11:46:59",TRUE,2024-06-08 11:46:59,0.916599029600418,FALSE,NA,NA,0.918431777824671,NA,NA,"TR"
"246","20-C09","LH",246,"pair",397,"O1","22-B94","TR",2024-06-09,"14:06:37",TRUE,2024-06-09 14:06:37,0.940566926396088,FALSE,451.27857932564,451.27857932564,0.941420622193284,451.468128958279,451.468128958279,"TR"
"247","20-C09","LH",247,"pair",398,"O1","22-B94","TR",2024-06-17,"10:40:17",TRUE,2024-06-17 10:40:17,0.703637231146968,TRUE,NA,NA,0.768786922513952,NA,NA,"TR"
"248","20-C09","LH",248,"pair",399,"O1","22-B94","TR",2024-07-04,"10:06:05",TRUE,2024-07-04 10:06:05,0.927029525055339,FALSE,499.476390597925,328.639964683248,0.934834173943127,791.408885624189,340.518229900811,"ATR"
"249","20-C09","LH",249,"pair",400,"O1","22-B94","TR",2024-07-04,"12:26:14",TRUE,2024-07-04 12:26:14,0.915711246295272,FALSE,332.650784925257,97.5134096391058,0.908019733575263,659.6105502547,115.418949013957,"ATR"
"250","20-C09","LH",250,"pair",401,"O1","22-B94","TR",2024-07-08,"09:50:13",TRUE,2024-07-08 09:50:13,0.903986233803906,FALSE,604.58065472915,290.009431560631,0.903940923815311,804.508257721204,292.334590171016,"ATR"
"251","20-C09","LH",251,"solo",NA,"O1",",","CM",2024-08-16,"09:30:05",TRUE,2024-08-16 09:30:05,0.774124771409063,NA,811.702931530382,356.368575239177,0.774124771409063,811.702931530382,356.368575239177,"CM_A"
"253","20-C09","LH",253,"solo",NA,"O1",",","TR",2024-06-10,"17:14:04",TRUE,2024-06-10 17:14:04,0.931916955611042,NA,347.950335417754,183.553096814891,0.931916955611042,347.950335417754,183.553096814891,"TR"
"254","20-C09","LH",254,"solo",NA,"O1",",","TR",2024-06-11,"13:27:04",TRUE,2024-06-11 13:27:04,0.934144124896637,NA,322.699136518896,138.955105693029,0.934144124896637,322.699136518896,138.955105693029,"TR"
"255","20-C09","LH",255,"solo",NA,"O1",",","TR",2024-07-05,"13:00:10",TRUE,2024-07-05 13:00:10,0.878720179712028,NA,745.268001211607,423.186010789123,0.878720179712028,745.268001211607,423.186010789123,"ATR"
"256","20-C09","SH",256,"pair",405,"O1","22-B94","TR",2024-06-09,"10:14:13",FALSE,2024-06-09 10:14:13,0.858728764937949,FALSE,NA,NA,0.862117386938066,NA,NA,"TR"
"257","20-C09","SH",257,"pair",406,"O1","22-B94","TR",2024-06-17,"13:47:12",FALSE,2024-06-17 13:47:12,0.848516942994293,FALSE,615.265136664064,615.265136664064,0.847452023334927,615.323082458494,615.323082458494,"TR"
"259","20-C09","SH",259,"solo",NA,"O1",",","TR",2024-06-16,"10:34:05",FALSE,2024-06-16 10:34:05,0.613431230446681,NA,1171.21941327812,1171.21941327812,0.613431230446681,1171.21941327812,1171.21941327812,"TR"
"260","20-C09","SH",260,"solo",NA,"O1",",","TR",2024-06-18,"17:48:19",FALSE,2024-06-18 17:48:19,0.723236272146075,NA,1146.89737519209,820.656187695678,0.723236272146075,1146.89737519209,820.656187695678,"TR"
"262","20-C12","LH",262,"pair",357,"O14","22-B65","TR",2024-06-08,"11:46:59",TRUE,2024-06-08 11:46:59,0.972528451522282,FALSE,NA,NA,0.972342003103813,NA,NA,"TR"
"263","20-C12","LH",263,"pair",358,"O14","22-B65","TR",2024-06-17,"10:01:13",TRUE,2024-06-17 10:01:13,0.940301253512129,FALSE,113.823320216211,113.823320216211,0.939131068780748,114.18548743012,114.18548743012,"TR"
"264","20-C12","LH",264,"pair",359,"O14","22-B65","TR",2024-07-04,"10:21:04",TRUE,2024-07-04 10:21:04,0.844051719413288,FALSE,887.08057283387,817.862072224798,0.844578101264033,886.876768688867,817.195948382814,"ATR"
"265","20-C12","LH",265,"pair",360,"O14","22-B65","TR",2024-07-08,"09:55:06",TRUE,2024-07-08 09:55:06,0.885133144628607,FALSE,523.454532184263,203.239669434428,0.886019632842246,522.280308077882,207.290337495719,"ATR"
"266","20-C12","LH",266,"solo",NA,"O14",",","CM",2024-08-16,"09:10:04",TRUE,2024-08-16 09:10:04,0.785396063400395,NA,644.782213246338,181.987537406438,0.785396063400395,644.782213246338,181.987537406438,"CM_A"
"267","20-C12","LH",267,"solo",NA,"O14",",","TR",2024-06-10,"16:00:04",TRUE,2024-06-10 16:00:04,0.801162982254842,NA,1398.22176831064,1398.22176831064,0.801162982254842,1398.22176831064,1398.22176831064,"TR"
"268","20-C12","LH",268,"solo",NA,"O14",",","TR",2024-06-11,"16:15:08",TRUE,2024-06-11 16:15:08,0.940565891615502,NA,673.061675991472,673.061675991472,0.940565891615502,673.061675991472,673.061675991472,"TR"
"269","20-C12","LH",269,"solo",NA,"O14",",","TR",2024-07-05,"12:30:23",TRUE,2024-07-05 12:30:23,0.944346164248359,NA,361.209851990064,125.355052053005,0.944346164248359,361.209851990064,125.355052053005,"ATR"
"271","20-C12","SH",271,"pair",366,"O14","22-B65","TR",2024-06-09,"10:14:13",FALSE,2024-06-09 10:14:13,0.919410602070307,FALSE,NA,NA,0.923456840195049,NA,NA,"TR"
"272","20-C12","SH",272,"pair",367,"O14","22-B65","TR",2024-06-17,"13:47:11",FALSE,2024-06-17 13:47:11,0.969737098172136,FALSE,349.091087766505,349.091087766505,0.969042829228006,359.400601809496,359.400601809496,"TR"
"273","20-C12","SH",273,"solo",NA,"O14",",","TR",2024-06-10,"13:07:04",FALSE,2024-06-10 13:07:04,0.89031886680404,NA,160.455472840892,160.455472840892,0.89031886680404,160.455472840892,160.455472840892,"TR"
"274","20-C12","SH",274,"solo",NA,"O14",",","TR",2024-06-16,"12:09:05",FALSE,2024-06-16 12:09:05,0.938116751978316,NA,116.133677801345,116.133677801345,0.938116751978316,116.133677801345,116.133677801345,"TR"
"279","20-C17","LH",279,"solo",NA,"O10",",","CM",2024-08-16,"10:11:06",FALSE,2024-08-16 10:11:06,0.523251440578644,NA,3319.78406150003,2961.48431514363,0.523251440578644,3319.78406150003,2961.48431514363,"CM_N"
"280","20-C17","LH",280,"solo",NA,"O10",",","TR",2024-06-10,"18:05:04",FALSE,2024-06-10 18:05:04,0.897617633469183,NA,134.362885398611,75.719451319605,0.897617633469183,134.362885398611,75.719451319605,"TR"
"281","20-C17","LH",281,"solo",NA,"O10",",","TR",2024-06-18,"16:35:24",FALSE,2024-06-18 16:35:24,0.781982566500607,NA,251.140365500431,70.3653718473485,0.781982566500607,251.140365500431,70.3653718473485,"TR"
"288","20-C17","SH",288,"solo",NA,"O10",",","TR",2024-06-10,"10:32:04",TRUE,2024-06-10 10:32:04,0.665163780442605,NA,458.016770843429,458.016770843429,0.665163780442605,458.016770843429,458.016770843429,"TR"
"289","20-C17","SH",289,"solo",NA,"O10",",","TR",2024-06-16,"14:04:06",TRUE,2024-06-16 14:04:06,0.745689966753876,NA,254.398955580101,254.398955580101,0.745689966753876,254.398955580101,254.398955580101,"TR"
"290","20-C17","SH",290,"solo",NA,"O10",",","TR",2024-06-19,"13:55:23",TRUE,2024-06-19 13:55:23,0.748969511828668,NA,128.970925844109,65.7301346973226,0.748969511828668,128.970925844109,65.7301346973226,"TR"
"291","20-C17","SH",291,"solo",NA,"O10",",","TR",2024-07-05,"11:39:04",TRUE,2024-07-05 11:39:04,0.877954352911523,NA,422.946564285741,308.791155248106,0.877954352911523,422.946564285741,308.791155248106,"ATR"
"297","20-C85","LH",297,"solo",NA,"O8",",","TR",2024-06-10,"16:22:04",FALSE,2024-06-10 16:22:04,0.745541155965313,NA,157.206986029882,105.13309707535,0.745541155965313,157.206986029882,105.13309707535,"TR"
"298","20-C85","LH",298,"solo",NA,"O8",",","TR",2024-06-11,"15:35:04",FALSE,2024-06-11 15:35:04,0.842842616537042,NA,472.880682792164,417.725945747233,0.842842616537042,472.880682792164,417.725945747233,"TR"
"304","20-C85","SH",304,"solo",NA,"O8",",","CM",2024-08-17,"11:20:04",TRUE,2024-08-17 11:20:04,0.764021442363261,NA,280.084208340884,109.168954310665,0.764021442363261,280.084208340884,109.168954310665,"CM_A"
"306","20-C85","SH",306,"solo",NA,"O8",",","TR",2024-06-10,"12:23:05",TRUE,2024-06-10 12:23:05,0.610220151377243,NA,1092.24203276385,1092.24203276385,0.610220151377243,1092.24203276385,1092.24203276385,"TR"
"307","20-C85","SH",307,"solo",NA,"O8",",","TR",2024-06-16,"13:30:05",TRUE,2024-06-16 13:30:05,0.918279036281876,NA,384.448041351764,384.448041351764,0.918279036281876,384.448041351764,384.448041351764,"TR"
"308","20-C85","SH",308,"solo",NA,"O8",",","TR",2024-07-05,"11:24:11",TRUE,2024-07-05 11:24:11,0.9153545743304,NA,180.608024840664,39.9402364145206,0.9153545743304,180.608024840664,39.9402364145206,"ATR"
"317","20-C92","LH",317,"solo",NA,"O16",",","TR",2024-06-10,"16:11:04",TRUE,2024-06-10 16:11:04,0.968677641078597,NA,1288.08938795279,876.625354898223,0.968677641078597,1288.08938795279,876.625354898223,"TR"
"318","20-C92","LH",318,"solo",NA,"O16",",","TR",2024-06-11,"16:27:32",TRUE,2024-06-11 16:27:32,0.879341017167136,NA,467.309131828011,286.616476144045,0.879341017167136,467.309131828011,286.616476144045,"TR"
"319","20-C92","LH",319,"solo",NA,"O16",",","TR",2024-07-05,"12:39:06",TRUE,2024-07-05 12:39:06,0.886206471600648,NA,443.893254635849,144.161485380149,0.886206471600648,443.893254635849,144.161485380149,"ATR"
"323","20-C92","SH",323,"solo",NA,"O16",",","TR",2024-06-17,"13:47:11",FALSE,2024-06-17 13:47:11,0.883405051813734,NA,904.12384730916,668.713498647079,0.883405051813734,904.12384730916,668.713498647079,"TR"
"324","20-C92","SH",324,"solo",NA,"O16",",","CM",2024-08-17,"10:55:08",FALSE,2024-08-17 10:55:08,0.854422473506781,NA,287.158119357104,132.39840990157,0.854422473506781,287.158119357104,132.39840990157,"CM_N"
"325","20-C92","SH",325,"solo",NA,"O16",",","TR",2024-06-10,"13:30:06",FALSE,2024-06-10 13:30:06,0.908238809738128,NA,317.075773743222,317.075773743222,0.908238809738128,317.075773743222,317.075773743222,"TR"
"326","20-C92","SH",326,"solo",NA,"O16",",","TR",2024-06-18,"15:18:30",FALSE,2024-06-18 15:18:30,0.872775475269409,NA,403.171443149849,185.568351491406,0.872775475269409,403.171443149849,185.568351491406,"TR"
"332","20-C93","LH",332,"solo",NA,"O6",",","TR",2024-06-10,"16:27:09",FALSE,2024-06-10 16:27:09,0.834672722750813,NA,454.480714629041,225.279677958564,0.834672722750813,454.480714629041,225.279677958564,"TR"
"333","20-C93","LH",333,"solo",NA,"O6",",","TR",2024-06-11,"15:45:06",FALSE,2024-06-11 15:45:06,0.858827161269297,NA,302.296568389603,99.5944908237077,0.858827161269297,302.296568389603,99.5944908237077,"TR"
"341","20-C93","SH",341,"solo",NA,"O6",",","TR",2024-06-16,"13:16:06",TRUE,2024-06-16 13:16:06,0.761321949886074,NA,2193.73117707069,2193.73117707069,0.761321949886074,2193.73117707069,2193.73117707069,"TR"
"342","20-C93","SH",342,"solo",NA,"O6",",","TR",2024-06-18,"14:49:17",TRUE,2024-06-18 14:49:17,0.604374731105998,NA,1645.51102629343,1645.51102629343,0.604374731105998,1645.51102629343,1645.51102629343,"TR"
"343","20-C93","SH",343,"solo",NA,"O6",",","TR",2024-07-05,"11:14:09",TRUE,2024-07-05 11:14:09,0.817569123769265,NA,954.309152810708,322.452826354965,0.817569123769265,954.309152810708,322.452826354965,"ATR"
"349","20-C96","LH",349,"solo",NA,"O15",",","TR",2024-06-09,"14:06:36",TRUE,2024-06-09 14:06:36,0.925850837178636,NA,214.805367239792,214.805367239792,0.925850837178636,214.805367239792,214.805367239792,"TR"
"350","20-C96","LH",350,"solo",NA,"O15",",","TR",2024-06-18,"16:25:25",TRUE,2024-06-18 16:25:25,0.880656773339864,NA,123.855613730874,74.3962699942155,0.880656773339864,123.855613730874,74.3962699942155,"TR"
"351","20-C96","LH",351,"solo",NA,"O15",",","TR",2024-07-05,"12:51:04",TRUE,2024-07-05 12:51:04,0.919830878978047,NA,576.236032388181,526.363477640797,0.919830878978047,576.236032388181,526.363477640797,"ATR"
"354","20-C96","SH",354,"solo",NA,"O15",",","TR",2024-06-10,"13:02:09",FALSE,2024-06-10 13:02:09,0.913482632197676,NA,1368.18970227829,1368.18970227829,0.913482632197676,1368.18970227829,1368.18970227829,"TR"
"355","20-C96","SH",355,"solo",NA,"O15",",","TR",2024-06-16,"12:03:05",FALSE,2024-06-16 12:03:05,0.83534523366486,NA,1820.84764315651,1820.84764315651,0.83534523366486,1820.84764315651,1820.84764315651,"TR"
"361","22-B65","LH",361,"solo",NA,"O14",",","CM",2024-08-16,"09:24:04",TRUE,2024-08-16 09:24:04,0.827280812613969,NA,497.837875337906,88.6561198171069,0.827280812613969,497.837875337906,88.6561198171069,"CM_A"
"362","22-B65","LH",362,"solo",NA,"O14",",","TR",2024-06-09,"14:06:37",TRUE,2024-06-09 14:06:37,0.930013664614795,NA,465.834572008181,465.834572008181,0.930013664614795,465.834572008181,465.834572008181,"TR"
"363","22-B65","LH",363,"solo",NA,"O14",",","TR",2024-06-19,"09:20:14",TRUE,2024-06-19 09:20:14,0.786569525502553,NA,1101.04991995119,1041.18232810545,0.786569525502553,1101.04991995119,1041.18232810545,"TR"
"364","22-B65","LH",364,"solo",NA,"O14",",","TR",2024-07-05,"12:35:08",TRUE,2024-07-05 12:35:08,0.912327693767646,NA,592.592695948287,310.949464528007,0.912327693767646,592.592695948287,310.949464528007,"ATR"
"368","22-B65","SH",368,"solo",NA,"O14",",","CM",2024-08-17,"10:36:05",FALSE,2024-08-17 10:36:05,0.830086350004573,NA,694.938930625286,506.104811939647,0.830086350004573,694.938930625286,506.104811939647,"CM_N"
"369","22-B65","SH",369,"solo",NA,"O14",",","TR",2024-06-10,"13:42:05",FALSE,2024-06-10 13:42:05,0.712142128741708,NA,743.305535962284,743.305535962284,0.712142128741708,743.305535962284,743.305535962284,"TR"
"370","22-B65","SH",370,"solo",NA,"O14",",","TR",2024-06-16,"12:21:05",FALSE,2024-06-16 12:21:05,0.898909844902005,NA,278.278857627648,278.278857627648,0.898909844902005,278.278857627648,278.278857627648,"TR"
"374","22-B78","LH",374,"solo",NA,"O19",",","TR",2024-06-10,"18:00:05",FALSE,2024-06-10 18:00:05,0.743794481923605,NA,159.885089010263,100.034037653955,0.743794481923605,159.885089010263,100.034037653955,"TR"
"375","22-B78","LH",375,"solo",NA,"O19",",","TR",2024-06-11,"15:14:07",FALSE,2024-06-11 15:14:07,0.490011181099914,NA,356.199684471364,273.297093567702,0.490011181099914,356.199684471364,273.297093567702,"TR"
"380","22-B78","SH",380,"solo",NA,"O19",",","TR",2024-06-10,"11:12:05",TRUE,2024-06-10 11:12:05,0.708209236779287,NA,NA,NA,0.708209236779287,NA,NA,"TR"
"381","22-B78","SH",381,"solo",NA,"O19",",","TR",2024-06-16,"13:51:05",TRUE,2024-06-16 13:51:05,0.721993426294004,NA,NA,NA,0.721993426294004,NA,NA,"TR"
"382","22-B78","SH",382,"solo",NA,"O19",",","TR",2024-07-05,"11:34:07",TRUE,2024-07-05 11:34:07,0.858112021166073,NA,160.804601279501,50.1052642798804,0.858112021166073,160.804601279501,50.1052642798804,"ATR"
"389","22-B92","LH",389,"solo",NA,"O5",",","TR",2024-06-10,"16:48:04",TRUE,2024-06-10 16:48:04,0.972534475406203,NA,389.012057154404,301.264929067246,0.972534475406203,389.012057154404,301.264929067246,"TR"
"390","22-B92","LH",390,"solo",NA,"O5",",","TR",2024-06-11,"15:55:03",TRUE,2024-06-11 15:55:03,0.956426267465421,NA,391.909591259807,233.852946447425,0.956426267465421,391.909591259807,233.852946447425,"TR"
"391","22-B92","LH",391,"solo",NA,"O5",",","TR",2024-07-05,"13:29:04",TRUE,2024-07-05 13:29:04,0.851058351485004,NA,1246.3303585111,599.952830959054,0.851058351485004,1246.3303585111,599.952830959054,"ATR"
"394","22-B92","SH",394,"solo",NA,"O5",",","TR",2024-06-16,"13:11:05",FALSE,2024-06-16 13:11:05,0.948256223309475,NA,460.711736740469,460.711736740469,0.948256223309475,460.711736740469,460.711736740469,"TR"
"395","22-B92","SH",395,"solo",NA,"O5",",","TR",2024-06-18,"15:11:21",FALSE,2024-06-18 15:11:21,0.850783310195667,NA,322.55967651195,235.594391545641,0.850783310195667,322.55967651195,235.594391545641,"TR"
"402","22-B94","LH",402,"solo",NA,"O1",",","TR",2024-06-10,"17:24:05",TRUE,2024-06-10 17:24:05,0.807781954867354,NA,480.268144970522,244.304625226777,0.807781954867354,480.268144970522,244.304625226777,"TR"
"403","22-B94","LH",403,"solo",NA,"O1",",","TR",2024-06-18,"16:42:27",TRUE,2024-06-18 16:42:27,0.939353766902172,NA,1024.33516439881,247.425473642389,0.939353766902172,1024.33516439881,247.425473642389,"TR"
"404","22-B94","LH",404,"solo",NA,"O1",",","TR",2024-07-05,"13:04:07",TRUE,2024-07-05 13:04:07,0.865204733389863,NA,1182.53830545007,484.019713993154,0.865204733389863,1182.53830545007,484.019713993154,"ATR"
"407","22-B94","SH",407,"solo",NA,"O1",",","TR",2024-06-10,"11:33:07",FALSE,2024-06-10 11:33:07,0.787661912787237,NA,490.767814809315,490.767814809315,0.787661912787237,490.767814809315,490.767814809315,"TR"
"408","22-B94","SH",408,"solo",NA,"O1",",","TR",2024-06-16,"10:22:13",FALSE,2024-06-16 10:22:13,0.642890320855441,NA,673.630013512374,673.630013512374,0.642890320855441,673.630013512374,673.630013512374,"TR"
"414","22-B95","LH",414,"solo",NA,"O2",",","TR",2024-06-10,"17:29:05",FALSE,2024-06-10 17:29:05,0.941675922012685,NA,114.538968430769,70.103371289552,0.941675922012685,114.538968430769,70.103371289552,"TR"
"415","22-B95","LH",415,"solo",NA,"O2",",","TR",2024-06-11,"13:32:17",FALSE,2024-06-11 13:32:17,0.916036071101314,NA,404.029357615963,363.176004431799,0.916036071101314,404.029357615963,363.176004431799,"TR"
"422","22-B95","SH",422,"solo",NA,"O2",",","CM",2024-08-17,"10:19:05",TRUE,2024-08-17 10:19:05,0.782057969399517,NA,333.010138609259,151.302526680921,0.782057969399517,333.010138609259,151.302526680921,"CM_A"
"423","22-B95","SH",423,"solo",NA,"O2",",","TR",2024-06-16,"10:40:06",TRUE,2024-06-16 10:40:06,0.766952319411966,NA,204.023654983515,204.023654983515,0.766952319411966,204.023654983515,204.023654983515,"TR"
"424","22-B95","SH",424,"solo",NA,"O2",",","TR",2024-06-19,"08:18:16",TRUE,2024-06-19 08:18:16,0.828002124499452,NA,511.094969653148,388.629885942534,0.828002124499452,511.094969653148,388.629885942534,"TR"
"425","22-B95","SH",425,"solo",NA,"O2",",","TR",2024-06-19,"13:47:28",TRUE,2024-06-19 13:47:28,0.756688103543857,NA,253.202718304298,154.532707037099,0.756688103543857,253.202718304298,154.532707037099,"TR"
"426","22-B95","SH",426,"solo",NA,"O2",",","TR",2024-07-05,"10:52:04",TRUE,2024-07-05 10:52:04,0.756627027026412,NA,301.73432306912,138.886803919886,0.756627027026412,301.73432306912,138.886803919886,"ATR"
